{
    "pm": {
        "0": [
            3.5600221157073975,
            2.270495653152466,
            2.345167398452759,
            2.6535861492156982,
            2.2602269649505615,
            2.248572826385498,
            3.558302640914917,
            2.3380393981933594,
            2.322305679321289,
            2.3770840167999268,
            3.6147546768188477,
            2.304527521133423,
            2.287764310836792,
            3.545356512069702,
            2.3783655166625977,
            2.276455879211426,
            3.512531280517578,
            3.4998209476470947,
            2.2689216136932373,
            2.7916033267974854
        ],
        "10": [
            3.5086703300476074,
            2.320870876312256,
            3.52820086479187,
            2.2949066162109375,
            3.4929473400115967,
            3.5232291221618652,
            3.457319498062134,
            3.4812185764312744,
            2.3086435794830322,
            2.426571846008301,
            2.2767274379730225,
            2.2609450817108154,
            3.119826078414917,
            3.4634978771209717,
            2.714386463165283,
            2.420879602432251,
            2.3587329387664795,
            2.3012468814849854,
            2.3072378635406494,
            2.469341516494751
        ],
        "20": [
            3.522028923034668,
            2.2754580974578857,
            2.3105642795562744,
            2.37073016166687,
            2.3007919788360596,
            2.2861580848693848,
            2.207878351211548,
            2.7482194900512695,
            2.3003506660461426,
            2.33085298538208,
            3.4195525646209717,
            2.328747510910034,
            2.3301639556884766,
            2.304605007171631,
            2.3071751594543457,
            2.378833055496216,
            2.346160411834717,
            2.279913902282715,
            2.3949716091156006,
            2.373187780380249
        ]
    },
    "calendar": {
        "0": [
            2.3341357707977295,
            2.2902157306671143,
            2.4031922817230225,
            2.229240894317627,
            2.2431111335754395,
            2.3650081157684326,
            2.2944228649139404,
            2.7298035621643066,
            2.23496150970459,
            2.245542049407959,
            2.283676862716675,
            2.306384325027466,
            3.5074312686920166,
            2.2660818099975586,
            2.2773587703704834,
            3.5185251235961914,
            3.5002572536468506,
            2.308291435241699,
            3.5200729370117188,
            2.272327423095703
        ],
        "10": [
            2.335963487625122,
            3.5010695457458496,
            2.335231065750122,
            2.2815918922424316,
            2.2920286655426025,
            2.320805788040161,
            2.354236602783203,
            2.263648509979248,
            2.3204004764556885,
            3.5757594108581543,
            2.3421881198883057,
            2.251128673553467,
            2.2438769340515137,
            2.3278064727783203,
            2.262169122695923,
            2.3225960731506348,
            2.254666328430176,
            2.262009620666504,
            2.2336575984954834,
            2.1886355876922607
        ],
        "20": [
            2.4022514820098877,
            2.230473041534424,
            2.2885656356811523,
            2.284975290298462,
            2.23532772064209,
            2.196892261505127,
            2.300928831100464,
            2.2721095085144043,
            2.2756001949310303,
            2.305168390274048,
            2.277042865753174,
            2.2994847297668457,
            2.2908246517181396,
            2.2809362411499023,
            2.345229148864746,
            2.318476915359497,
            2.2897493839263916,
            2.2659459114074707,
            2.450038433074951,
            2.3102920055389404
        ]
    },
    "pipeline": {
        "0": [
            3.978123664855957,
            2.3029873371124268,
            2.2961604595184326,
            2.4736168384552,
            2.299044609069824,
            2.2991042137145996,
            3.500354051589966,
            2.3375847339630127,
            2.294494867324829,
            2.2755441665649414,
            2.4291958808898926,
            2.2733137607574463,
            2.3187403678894043,
            2.454322576522827,
            2.3325624465942383,
            2.303165912628174,
            3.5813028812408447,
            2.3788070678710938,
            2.2606563568115234,
            2.277545213699341
        ],
        "10": [
            2.325638771057129,
            2.4097321033477783,
            2.3560972213745117,
            2.226010799407959,
            2.292006731033325,
            2.4191558361053467,
            2.2967236042022705,
            2.3762197494506836,
            2.2881336212158203,
            2.2693185806274414,
            2.295685291290283,
            2.2760517597198486,
            2.279209852218628,
            2.3076870441436768,
            2.299858331680298,
            2.337097406387329,
            2.2773399353027344,
            2.28961443901062,
            2.3425135612487793,
            2.265843629837036
        ],
        "20": [
            74.5819046497345,
            2.375541925430298,
            2.283780574798584,
            2.3026323318481445,
            2.2784154415130615,
            2.3095109462738037,
            2.342700958251953,
            2.2993271350860596,
            2.3018765449523926,
            2.2868523597717285,
            2.272698163986206,
            2.2937870025634766,
            2.324906349182129,
            2.2516918182373047,
            2.7200024127960205,
            2.2927052974700928,
            2.2847626209259033,
            2.341876268386841,
            2.273469924926758,
            2.2650904655456543
        ]
    }
}