{
    "pm": {
        "delete": [
            35.73002552986145,
            33.24854063987732,
            39.77773332595825,
            33.29641628265381,
            39.656073808670044,
            35.279112577438354,
            36.453874588012695,
            36.506569385528564,
            36.42618441581726,
            33.47231411933899,
            38.29781532287598,
            36.45195412635803,
            36.53831076622009,
            36.460100173950195,
            36.52638578414917,
            36.01979947090149,
            35.30230712890625,
            35.25559043884277,
            33.23344612121582,
            39.85298228263855
        ]
    },
    "calendar": {
        "delete": [
            7.897486209869385,
            2.9141881465911865,
            10.2084641456604,
            6.238058567047119,
            8.100458145141602,
            2.9706318378448486,
            9.933444738388062,
            6.0138537883758545,
            8.010297060012817,
            6.171642065048218,
            4.030384302139282,
            10.087735176086426,
            2.8677306175231934,
            10.030115365982056,
            2.942354440689087,
            9.990856647491455,
            3.0598669052124023,
            9.981582641601562,
            2.860673666000366,
            9.981411933898926
        ]
    },
    "pipeline": {
        "delete": [
            6.461735486984253,
            6.349043846130371,
            3.7081639766693115,
            3.7346744537353516,
            3.7415478229522705,
            3.738097906112671,
            3.523836135864258,
            6.254081964492798,
            3.9791007041931152,
            10.24170970916748,
            3.962692975997925,
            10.253514528274536,
            6.365828275680542,
            3.9548141956329346,
            3.6544883251190186,
            14.184081077575684,
            3.9858860969543457,
            3.7473623752593994,
            14.100580215454102,
            4.781793594360352
        ]
    }
}