{
    "loads": {
        "1": [
            1.413271427154541,
            1.076617956161499,
            1.1362333297729492,
            1.4076659679412842,
            1.1387231349945068,
            1.0639348030090332,
            1.0941705703735352,
            1.021644115447998,
            1.0044875144958496,
            0.9694759845733643
        ],
        "2": [
            1.5588490962982178,
            1.5551931858062744,
            1.591465711593628,
            1.5670602321624756,
            1.5706360340118408,
            1.6366448402404785,
            1.6210246086120605,
            1.5597739219665527,
            1.5817573070526123,
            1.5123043060302734
        ],
        "4": [
            2.8797192573547363,
            2.9459362030029297,
            3.0090525150299072,
            2.7918524742126465,
            2.9257869720458984,
            2.9146201610565186,
            2.8087871074676514,
            2.9187402725219727,
            2.883903980255127,
            2.946702718734741
        ],
        "8": [
            5.815057754516602,
            5.243715524673462,
            5.500445127487183,
            5.4500038623809814,
            6.437432050704956,
            5.578875303268433,
            5.369977712631226,
            5.873495817184448,
            5.693885326385498,
            5.524904251098633
        ],
        "16": [
            10.74498963356018,
            10.867586851119995,
            10.217994928359985,
            30.582637548446655,
            10.740426301956177,
            10.27434253692627,
            10.998419761657715,
            10.811869382858276,
            10.910823345184326,
            10.77902603149414
        ],
        "32": [
            21.097803115844727,
            20.466427326202393,
            21.677324771881104,
            21.0499484539032,
            20.70535159111023,
            21.094146490097046,
            21.00078320503235,
            21.17512822151184,
            21.01610803604126,
            21.20945978164673
        ],
        "64": [
            43.43533945083618,
            42.11206102371216,
            41.44186091423035,
            41.350459814071655,
            43.936957359313965,
            42.859436988830566,
            41.81671929359436,
            41.540383100509644,
            41.971818923950195,
            41.62095046043396
        ],
        "128": [
            15.45855975151062,
            13.637356519699097,
            11.82949161529541,
            13.622599601745605,
            11.222933769226074,
            13.370371103286743,
            9.034750938415527,
            13.367964267730713,
            9.079059600830078,
            13.639395713806152
        ],
        "256": [
            0.6767280101776123,
            0.6099808216094971,
            0.4892153739929199,
            0.7128973007202148,
            5.955961227416992,
            11.479702472686768,
            0.12288999557495117,
            10.603603601455688,
            9.408830642700195,
            5.634129047393799
        ]
    },
    "stores": {
        "1": [
            4.303768157958984,
            3.8612468242645264,
            4.3187034130096436,
            3.743253469467163,
            3.9584603309631348,
            3.8380866050720215,
            3.843536615371704,
            3.872225284576416,
            3.6905646324157715,
            3.6656901836395264
        ],
        "2": [
            7.338010787963867,
            7.297952175140381,
            7.420393228530884,
            7.466727018356323,
            7.188887596130371,
            7.33610463142395,
            7.398857116699219,
            7.272657632827759,
            7.189786672592163,
            7.243792295455933
        ],
        "4": [
            14.12242603302002,
            14.651862621307373,
            14.274332523345947,
            14.401393413543701,
            14.669601202011108,
            14.863409280776978,
            14.641706705093384,
            15.18109679222107,
            14.385738849639893,
            14.76797604560852
        ],
        "8": [
            29.039128303527832,
            28.14743947982788,
            28.34418487548828,
            29.114970207214355,
            28.531853199005127,
            28.629452228546143,
            28.81923198699951,
            28.557865381240845,
            28.456042528152466,
            29.21307110786438
        ],
        "16": [
            56.51274752616882,
            56.93653893470764,
            56.27260684967041,
            57.06898546218872,
            56.6287682056427,
            56.316489458084106,
            56.26833915710449,
            56.82416296005249,
            56.661274433135986,
            56.86103534698486
        ],
        "32": [
            113.87711143493652,
            113.28770756721497,
            112.65987491607666,
            113.94223046302795,
            112.84512329101562,
            113.50229287147522,
            112.49904561042786,
            113.20461535453796,
            112.54419755935669,
            112.89548921585083
        ],
        "64": [
            225.36422967910767,
            226.72614741325378,
            225.3319697380066,
            225.53865790367126,
            226.77083539962769,
            225.52445220947266,
            224.63063979148865,
            225.3801441192627,
            224.7489354610443,
            225.70232820510864
        ],
        "128": [
            449.05578660964966,
            451.4003882408142,
            452.53408789634705,
            449.66705441474915,
            453.63244581222534,
            461.0328266620636,
            456.29281735420227,
            455.76222562789917,
            456.31363010406494,
            462.6438796520233
        ],
        "256": [
            637.3189175128937,
            637.2772405147552,
            637.3975963592529,
            637.2174866199493,
            638.0569324493408,
            637.4602415561676,
            637.6525554656982,
            637.5030906200409,
            637.4647147655487,
            637.266441822052
        ]
    },
    "services": {
        "1": [
            0.3628695011138916,
            0.3157765865325928,
            0.3636488914489746,
            0.3288111686706543,
            0.4432864189147949,
            0.16115880012512207,
            0.15970635414123535,
            0.15903234481811523,
            0.17217469215393066,
            0.16159486770629883
        ],
        "2": [
            0.4751617908477783,
            0.3495476245880127,
            0.3320739269256592,
            0.3101363182067871,
            0.32364892959594727,
            0.3446683883666992,
            0.343886137008667,
            0.35868000984191895,
            0.3694019317626953,
            0.3588407039642334
        ],
        "4": [
            0.40671801567077637,
            0.4608800411224365,
            0.4793739318847656,
            0.4292585849761963,
            0.4890248775482178,
            0.4878971576690674,
            0.3095226287841797,
            0.407306432723999,
            0.5036640167236328,
            0.30788755416870117
        ],
        "8": [
            0.6544640064239502,
            0.6848154067993164,
            0.647254467010498,
            0.7752583026885986,
            0.7639813423156738,
            0.7158200740814209,
            0.6769301891326904,
            0.7044172286987305,
            0.8188304901123047,
            0.797675609588623
        ],
        "16": [
            1.5647022724151611,
            1.0948278903961182,
            1.1303935050964355,
            1.1099257469177246,
            1.2583229541778564,
            1.38065767288208,
            1.2080562114715576,
            1.1067276000976562,
            1.1044678688049316,
            1.09208345413208
        ],