{
    "loads": {
        "1": [
            1.0078835487365723,
            0.9350581169128418,
            0.8146266937255859,
            0.8258144855499268,
            0.9116756916046143,
            1.8612418174743652,
            0.9569909572601318,
            0.8337092399597168,
            0.8058021068572998,
            0.8294200897216797
        ],
        "2": [
            1.2220032215118408,
            1.5623643398284912,
            1.1904385089874268,
            1.1951580047607422,
            1.1797442436218262,
            1.2354686260223389,
            1.1610255241394043,
            1.3846337795257568,
            1.2983331680297852,
            2.3071200847625732
        ],
        "4": [
            2.135988712310791,
            2.103393316268921,
            3.382240056991577,
            3.111588716506958,
            2.174044132232666,
            2.2348110675811768,
            5.111581802368164,
            4.885990142822266,
            2.113612413406372,
            2.140241861343384
        ],
        "8": [
            4.186326265335083,
            9.19927978515625,
            7.820565938949585,
            8.165146827697754,
            4.300324201583862,
            4.180996894836426,
            4.3704752922058105,
            4.34373927116394,
            6.564095973968506,
            4.687180757522583
        ],
        "16": [
            8.133769273757935,
            8.205099821090698,
            8.028125524520874,
            8.931579113006592,
            7.4188573360443115,
            7.798131704330444,
            7.578006982803345,
            7.4058918952941895,
            7.658718824386597,
            7.495955944061279
        ],
        "32": [
            14.006332397460938,
            14.580970525741577,
            14.578065633773804,
            14.901171684265137,
            15.200777292251587,
            14.650716066360474,
            14.187653541564941,
            14.991588592529297,
            19.728935480117798,
            22.003637075424194
        ],
        "64": [
            29.37725520133972,
            29.643037796020508,
            28.785611391067505,
            30.74682116508484,
            29.13359832763672,
            41.09624528884888,
            28.325754642486572,
            29.721084117889404,
            28.683457136154175,
            29.070981740951538
        ]
    },
    "stores": {
        "1": [
            2.401952028274536,
            2.199634075164795,
            2.4222052097320557,
            2.1514084339141846,
            2.3035073280334473,
            2.3770618438720703,
            3.0927670001983643,
            2.450378179550171,
            2.420107364654541,
            2.5285229682922363
        ],
        "2": [
            4.10551381111145,
            4.638312339782715,
            4.132993221282959,
            4.428501129150391,
            4.439283847808838,
            4.217439651489258,
            4.274712562561035,
            5.490715742111206,
            5.723308086395264,
            13.894282817840576
        ],
        "4": [
            10.385331869125366,
            9.855728387832642,
            10.708104372024536,
            11.395392656326294,
            10.211085081100464,
            10.791642189025879,
            11.546019792556763,
            10.767425060272217,
            10.547491073608398,
            9.829015970230103
        ],
        "8": [
            21.505053758621216,
            23.314177989959717,
            19.897650480270386,
            21.181058645248413,
            19.337769985198975,
            18.019935846328735,
            19.528659343719482,
            19.398540258407593,
            22.686546087265015,
            19.267488718032837
        ],
        "16": [
            37.905097246170044,
            36.36074948310852,
            37.00440239906311,
            37.80770754814148,
            38.1992392539978,
            31.643251657485962,
            32.2838191986084,
            32.30581545829773,
            38.12500882148743,
            38.99687886238098
        ],
        "32": [
            71.23471689224243,
            74.23356866836548,
            70.76020860671997,
            75.33040356636047,
            70.28600001335144,
            75.85410642623901,
            78.57712173461914,
            74.9047863483429,
            74.34910869598389,
            78.38292837142944
        ],
        "64": [
            145.76286387443542,
            149.25697469711304,
            142.28374576568604,
            140.84833693504333,
            142.03309535980225,
            146.9820110797882,
            144.30875062942505,
            143.0581545829773,
            143.87290406227112,
            125.79790258407593
        ]
    },
    "services": {
        "1": [
            0.14136195182800293,
            0.1484668254852295,
            0.14341425895690918,
            0.15308713912963867,
            0.1407639980316162,
            0.14377641677856445,
            0.18631291389465332,
            0.15555787086486816,
            0.15936279296875,
            0.14825177192687988
        ],
        "2": [
            0.32651185989379883,
            0.3433518409729004,
            0.43807053565979004,
            0.4601304531097412,
            0.4250369071960449,
            0.34996819496154785,
            0.32655763626098633,
            0.2910757064819336,
            0.42638707160949707,
            0.4259316921234131
        ],
        "4": [
            0.4400768280029297,
            0.2966940402984619,
            0.43523144721984863,
            0.32783007621765137,
            0.42882347106933594,
            0.40114831924438477,
            0.3009376525878906,
            0.45975613594055176,
            0.47306108474731445,
            0.3802199363708496
        ],
        "8": [
            0.7099707126617432,
            0.7323110103607178,
            0.6392068862915039,
            0.6832306385040283,
            0.7789080142974854,
            0.6858260631561279,
            0.7008013725280762,
            0.8028459548950195,
            0.6070461273193359,
            0.7350912094116211
        ],
        "16": [
            1.1103668212890625,
            1.2791399955749512,
            1.3063809871673584,
            1.2842860221862793,
            1.0907597541809082,
            1.3842294216156006,
            1.5442674160003662,
            1.278700351715088,
            1.0458660125732422,
            1.0835039615631104
        ],
        "32": [
            2.330153465270996,
            2.361403703689575,
            2.266017198562622,
            2.1847116947174072,
            2.2675130367279053,
            2.540804386138916,
            2.186786651611328,
            2.276188850402832,
            2.195087432861328,
            2.3018405437469482
        ],
        "64": [
            4.3557212352752686,
            4.308046817779541,
            4.190770626068115,
            4.169212102890015,
            3.812452554702759,
            4.088869333267212,
            3.8160064220428467,
            4.086129903793335,
            4.053558349609375,
            4.4577317237854
        ]
    }
}
