{
    "loads": {
        "1": [
            3.690432071685791,
            2.61326265335083,
            2.4988186359405518,
            1.645508050918579,
            1.5201988220214844,
            2.506758689880371,
            2.5580739974975586,
            1.5615057945251465,
            2.4963955879211426,
            2.3435728549957275
        ],
        "2": [
            3.913461685180664,
            3.8245391845703125,
            4.004404067993164,
            3.7093331813812256,
            3.668454647064209,
            3.663337469100952,
            4.147165298461914,
            4.0359461307525635,
            4.086768627166748,
            4.077035665512085
        ],
        "4": [
            6.378157377243042,
            6.801881551742554,
            4.901134729385376,
            5.172284364700317,
            6.611343860626221,
            6.725578784942627,
            6.703747034072876,
            6.64326286315918,
            5.046499013900757,
            6.421645402908325
        ],
        "8": [
            9.553744792938232,
            9.432629346847534,
            10.295029878616333,
            9.628871202468872,
            9.933894157409668,
            11.47472095489502,
            12.990140914916992,
            11.454179525375366,
            12.982760906219482,
            9.838798999786377
        ],
        "16": [
            23.3609459400177,
            20.107595920562744,
            21.901564121246338,
            20.591285705566406,
            19.100061893463135,
            21.7663357257843,
            22.68074870109558,
            22.88700032234192,
            23.170252323150635,
            23.649463891983032
        ],
        "32": [
            45.06144857406616,
            41.994741916656494,
            46.20181584358215,
            46.78801655769348,
            40.701921463012695,
            45.939531564712524,
            46.17956352233887,
            22.518330335617065,
            42.900882959365845,
            42.943207025527954
        ],
        "64": [
            53.6367301940918,
            52.838319301605225,
            53.64456105232239,
            49.61441111564636,
            48.06579566001892,
            53.82872986793518,
            55.4033567905426,
            55.08364272117615,
            61.00725769996643,
            51.25784754753113
        ]
    },
    "stores": {
        "1": [
            7.026675224304199,
            7.313252925872803,
            7.065835475921631,
            6.893035411834717,
            7.01677680015564,
            6.925365209579468,
            7.064134359359741,
            7.026506662368774,
            6.9601545333862305,
            6.8963303565979
        ],
        "2": [
            13.498411655426025,
            13.703151226043701,
            13.87089228630066,
            13.949588537216187,
            13.879069089889526,
            13.586462497711182,
            13.949186563491821,
            13.746363639831543,
            13.960996389389038,
            13.636354446411133
        ],
        "4": [
            27.589102268218994,
            26.87135148048401,
            27.04957103729248,
            27.07336139678955,
            27.116827487945557,
            27.098535537719727,
            26.933917760849,
            26.849278450012207,
            26.985709190368652,
            27.412229776382446
        ],
        "8": [
            54.0469388961792,
            55.73553419113159,
            54.491976261138916,
            54.898542404174805,
            54.90105748176575,
            53.18435573577881,
            54.844940423965454,
            55.24121165275574,
            53.29206132888794,
            54.443755865097046
        ],
        "16": [
            114.00049304962158,
            109.79579424858093,
            110.14182901382446,
            111.31275629997253,
            107.77691626548767,
            110.54259896278381,
            108.95540714263916,
            133.82988286018372,
            159.96200513839722,
            130.09552526474
        ],
        "32": [
            346.4202048778534,
            311.656418800354,
            341.1812825202942,
            279.8338031768799,
            241.37528777122498,
            303.92147517204285,
            300.4871072769165,
            194.51180624961853,
            270.81188225746155,
            268.03892064094543
        ],
        "64": [
            463.405353307724,
            526.8864741325378,
            546.2187218666077,
            501.5895748138428,
            451.131796836853,
            578.2262008190155,
            544.7599453926086,
            454.4509253501892,
            441.0699610710144,
            430.8822901248932
        ]
    },
    "services": {
        "1": [
            0.22310090065002441,
            0.32968878746032715,
            0.4865143299102783,
            0.32672882080078125,
            0.23272061347961426,
            0.23231220245361328,
            0.3571145534515381,
            0.22640609741210938,
            0.3436391353607178,
            0.20798230171203613
        ],
        "2": [
            0.39894843101501465,
            0.33229660987854004,
            0.4756491184234619,
            0.4767756462097168,
            0.4715559482574463,
            0.5282409191131592,
            0.39780449867248535,
            0.34941911697387695,
            0.4124183654785156,
            0.43986034393310547
        ],
        "4": [
            0.6757042407989502,
            0.778045654296875,
            0.9143216609954834,
            0.8130371570587158,
            1.3111059665679932,
            0.7995181083679199,
            0.6296951770782471,
            0.7572469711303711,
            0.6746227741241455,
            0.8289501667022705
        ],
        "8": [
            1.0998761653900146,
            1.2982256412506104,
            1.2834103107452393,
            1.283421516418457,
            1.0708036422729492,
            1.0316085815429688,
            1.260922908782959,
            1.3500657081604004,
            1.0731959342956543,
            1.0872821807861328
        ],
        "16": [
            2.0676376819610596,
            1.991877555847168,
            2.0416345596313477,
            2.1819517612457275,
            2.2244839668273926,
            1.9944770336151123,
            2.201411485671997,
            2.3085551261901855,
            2.1854519844055176,
            2.170722723007202
        ],
        "32": [
            4.444499731063843,
            4.0817811489105225,
            3.864952564239502,
            4.432869911193848,
            4.186675786972046,
            4.1162378787994385,
            4.040118217468262,
            2.1505932807922363,
            4.63676905632019,
            4.380310297012329
        ],
        "64": [
            8.648242950439453,
            8.999656915664673,
            8.451842546463013,
            7.7296366691589355,
            8.921307802200317,
            8.136393547058105,
            8.462073802947998,
            8.474752426147461,
            8.355414390563965,
            8.12143325805664
        ]
    }
}
